Feature,Importance
GOOGLE_EMAIL_SPEND,0.7320714
FB_IMP,0.07860137
FB_SPEND,0.06500087
EMAIL_IMP,0.05784472
GOOGLE_FB_SPEND,0.015008858
AFF_IMP,0.01310339
GOOGLE_IMP,0.00929542
AFF_SPEND,0.009119342
YT_ORG_IMP,0.007224845
GOOGLE_SPEND,0.006467394
YT_PAID_IMP,0.0062623634
